"business_name","address","phone","website","rating","review_count","google_maps_url","image_url","instagram","facebook"
"Js CBD & Smoke Shop — Vape, Dispensary, Hookah, Kratom, Waterpipe, GEEKBAR , Whip-its, ATM, THC","8610 Louetta Rd Suite G, Spring, TX 77379","(337) 570-4992","https://jssmokeshop.odoo.com/","4.8","158","https://www.google.com/maps/place/Js+CBD+%26+Smoke+Shop+%E2%80%94+Vape,+Dispensary,+Hookah,+Kratom,+Waterpipe,+GEEKBAR+,+Whip-its,+ATM,+THC/data=!4m7!3m6!1s0x8640cd5f79819f17:0x4171351bf0f46dff!8m2!3d30.0112415!4d-95.5425751!16s%2Fg%2F11ld5j916d!19sChIJF5-BeV_NQIYR_2308Bs1cUE","https://lh3.googleusercontent.com/gps-cs-s/AHVAweo1C3hKsLlsO6aneuh1xZRDmZrQX9rPvmld8JBpoE9cjEyWe5LH9UNjUJMyLuNsVfhlPkrXcLEzCbNVaGgt1-pW4R2t_eqqy6iV5a-VkR-iyVlzDyqYNrAFl66KSgI79KQ9kxx5Rg=w408-h306-k-no","",""
"SMOKERS SPOT Smoke shop & Vape shop","8905 Louetta Rd # J, Spring, TX 77379","(832) 559-8195","nan","4.9","120","https://www.google.com/maps/place/SMOKERS+SPOT+Smoke+shop+%26+Vape+shop/@30.0081212,-95.545767,17z/data=!3m1!4b1!4m6!3m5!1s0x8640cdd117ff992d:0x6519470cda69a303!8m2!3d30.0081212!4d-95.545767!16s%2Fg%2F11n27dn44f","https://lh3.googleusercontent.com/gps-cs-s/AHVAwer0BwQWe38j3hvqxNGdyDplHgwdWxUCUiLiW8mKpGRnv_jt5R8-I0diN_KpWZILCxAtwACJFh_dm_rQOLIGDS2rVUG15yxXlV1hq6PKLnVai_j6cuCqM2PXll72Dj1JFlbRrhmo=w408-h306-k-no","",""
"365 SMOKE VAPE SHOP STUEBNER | OPEN 24 HOURS | SMOKE SHOP | E-JUICES | VAPE DISPOSABLES | HOOKAH | CIGARS | HEMP | GLASS PIPE","16000 Stuebner Airline Rd Suite B, Spring, TX 77379","(832) 843-3703","https://www.365vapeandsmoke.com/","5.0","10","https://www.google.com/maps/place/365+SMOKE+VAPE+SHOP+STUEBNER+%7C+OPEN+24+HOURS+%7C+SMOKE+SHOP+%7C+E-JUICES+%7C+VAPE+DISPOSABLES+%7C+HOOKAH+%7C+CIGARS+%7C+HEMP+%7C+GLASS+PIPE/data=!4m7!3m6!1s0x8640cd6b667acbb7:0xb0549683f05a0a34!8m2!3d30.0119834!4d-95.5147512!16s%2Fg%2F11yxhk80gg!19sChIJt8t6ZmvNQIYRNApa8IOWVLA","https://lh3.googleusercontent.com/gps-cs-s/AHVAweqPAA6OqNN9pcelICR6MojMyE10WaBYuFuSkM7r2aNtgTEWjtVwhmr-g5GDXI7UTu7rsvPj7jV1smU_IUOoGq_NAb7W-cWMU1yPUI2GVHrTEwRkulb6pG92asK959EMi7FvMvPy71SxRsQO=w408-h544-k-no","",""
"EAGLE SMOKE SHOP & TOBACCO | OPEN 24 HOURS","4407b Cypress Creek Pkwy, Houston, TX 77068","(470) 494-3608","","5.0","342","https://www.google.com/maps/place/EAGLE+SMOKE+SHOP+%26+TOBACCO+%7C+OPEN+24+HOURS/@29.988724,-95.496144,17z/data=!3m1!4b1!4m6!3m5!1s0x8640cd4d9ac5baaf:0x37e005d79d15ee78!8m2!3d29.988724!4d-95.496144!16s%2Fg%2F11v59ffcjw","https://lh3.googleusercontent.com/gps-cs-s/AHVAweqBXF5UseDD0hWHK8NYh5RYQldHrVNlJ42106Xbt5FgjjGswHccNSHmafEeOsbXsKPTBSLUbGVKCteu2KEPUrxbq0l-3ofUGri8YF9zwxIjc6dlbgxtV15i-8k0QiXWwglQNvPc2g=w408-h539-k-no","",""
"Bizarre Bazaar by Vape City","5177 Farm to Market 1960 Rd W, Houston, TX 77069","(832) 446-3922","https://vapecity.us/","4.7","475","https://www.google.com/maps/place/Bizarre+Bazaar+by+Vape+City/data=!4m7!3m6!1s0x8640cd235121f14d:0x1cff6ee36ea962cb!8m2!3d29.9818594!4d-95.5080286!16s%2Fg%2F11pxnglpy_!19sChIJTfEhUSPNQIYRy2KpbuNu_xw","https://lh3.googleusercontent.com/gps-cs-s/AHVAweqIyL1I0iCNVKqkQ9w0dG7g3NLvdGPkkpKiCbYaGUz5YSIDJ3CvkI_TKWbTuWTmuvgre_kCx5zmuJuQc0mPL9MegxR5tI0tl8DZMSt95pIqiAGP74SwUyUScfHR8Y1VQCsp4P4zmBK-oMEy=w408-h306-k-no","",""
"GF SMOKE SHOP LOUETTA / KUYKENDAHL VAPES | CBD | TOBACCO | DELTA THC | KRATOM | SCALES | GRINDERS | OPEN 24 HRS","18468 Kuykendahl Rd, Spring, TX 77379","","","5.0","685","https://www.google.com/maps/place/GF+SMOKE+SHOP+LOUETTA+%2F+KUYKENDAHL+VAPES+%7C+CBD+%7C+TOBACCO+%7C+DELTA+THC+%7C+KRATOM+%7C+SCALES+%7C+GRINDERS+%7C+OPEN+24+HRS/@30.0391102,-95.4868337,17z/data=!3m1!4b1!4m6!3m5!1s0x8640cd985363487d:0xc2e7ceed7bbb4b19!8m2!3d30.0391102!4d-95.4868337!16s%2Fg%2F11t60d_lgy","https://lh3.googleusercontent.com/gps-cs-s/AHVAweqe--SJbTZ-_vdSS6JuvNsznvTDSVaiYC1LfUxVNqn0QelIsVuRfCyfuHXx-5xW614SlL_oVzVCEBqn8U5CCQ2L5Qdey_20dqmi4F8Nqm1Hb3Q4XTVJltTqlcthOlcr1bbCMMGQVgUF5mzN=w408-h312-k-no","",""
"Dr.smoke - tobacco , vape , delta 8 - CBD & adult toys","10978 Grant Rd # C, Houston, TX 77070","(346) 541-1088","http://facebook.com/drsmokehouston","4.8","135","https://www.google.com/maps/place/Dr.smoke+-+tobacco+,+vape+,+delta+8+-+CBD+%26+adult+toys/data=!4m7!3m6!1s0x8640d374b7500157:0x7dbdba3a7701a9c7!8m2!3d29.967232!4d-95.5849444!16s%2Fg%2F11qg6lffw4!19sChIJVwFQt3TTQIYRx6kBdzq6vX0","https://lh3.googleusercontent.com/gps-cs-s/AHVAweqMVlO8fvTh_b-Uvm4SKbVVYZaDumVNRr0kGfXTSMOPk5UNwt6ltgvpcP9T3NhzfOqYJExusY-1_k3tuc0P8hPLR_ci0KhSdXbSWsQ39QhKzN1FnBTPeW1M4QXTWPNj4ku-EMksBQ=w408-h306-k-no","",""
"Smoke Shop Station,Tattoo supplies, Vape, and Cigar","13339 Jones Rd, Houston, TX 77070","(425) 377-5988","https://t.me/+l9-uvMuMA1cyZWFh","4.8","211","https://www.google.com/maps/place/Smoke+Shop+Station,Tattoo+supplies,+Vape,+and+Cigar/data=!4m7!3m6!1s0x8640d32e9cd70a3d:0xd6df3b8890ea7b4b!8m2!3d29.967795!4d-95.5853959!16s%2Fg%2F11lglt7dst!19sChIJPQrXnC7TQIYRS3vqkIg739Y","https://lh3.googleusercontent.com/gps-cs-s/AHVAweqAnjekL7RY2OnGAm6240onOPzd1-EJgvRamemPOOWp8ejZWRuEc9ygPGiDrUqwCE1LXirLuZ_hh9YCtvLgW9btLL2XEDKFDkUdCztWc3WC3JlLPgI8FNNJg71gmdwMprZfEIBM=w408-h306-k-no","",""
"Bahama Mama Smoke Shop| Vape Shop | Kratom | Disposables | Tobacco | Hookah | Shisha | Delta | EJuice |","16880 Stuebner Airline Rd C, Spring, TX 77379","(832) 534-1743","https://www.bahama-mama.com/projects","4.9","443","https://www.google.com/maps/place/Bahama+Mama+Smoke+Shop%7C+Vape+Shop+%7C+Kratom+%7C+Disposables+%7C+Tobacco+%7C+Hookah+%7C+Shisha+%7C+Delta+%7C+EJuice+%7C/data=!4m7!3m6!1s0x8640cd083cdffb19:0x3708ac61892de3ae!8m2!3d30.022404!4d-95.52508!16s%2Fg%2F11mwl2wb8f!19sChIJGfvfPAjNQIYRruMtiWGsCDc","https://lh3.googleusercontent.com/gps-cs-s/AHVAwerNsqnzTyKFOime9z9U0JECrZPtkJMQGbcQaO30C0kJGU1o4qnQMucyCc8EBP4p_LLiuRYXLvIiowUJpRb5g976JRw43FqZFL0Ggaz1Ad2FDYQDuZSeJT_lyml7xvkuAMeJ_rsA=w408-h544-k-no","",""
"Glass Chance Vape,Smoke & Hookah","9440 Louetta Rd #8, Spring, TX 77379","(832) 698-4232","https://www.instagram.com/glasschancevapeandsmoke?igsh=OHRyZHQ0amowNDFh&utm_source=qr","4.8","271","https://www.google.com/maps/place/Glass+Chance+Vape,Smoke+%26+Hookah/data=!4m7!3m6!1s0x8640cd7b09a61ddf:0xa1438cd804e70650!8m2!3d30.0050633!4d-95.5549103!16s%2Fg%2F11fx9616d2!19sChIJ3x2mCXvNQIYRUAbnBNiMQ6E","https://lh3.googleusercontent.com/gps-cs-s/AHVAwer3h0ZPSVPRrPJs1A037gaTC4pJBtkXMOD7qCag7sSwMZtauI9PkJRxAvjT3w9nw62ba6PWWi06Cb6pnIQbTZryL04M2bgU-m9rhMnyTFQs6SeZTCBrybkRaQK3BmX8nnpCWWdW=w408-h544-k-no","glasschancevapeandsmoke",""
"Pineapple Xpress Smoke Shop Spring Cypress","8854 Spring Cypress Rd, Spring, TX 77379","(346) 236-6976","https://spring.pine-applexpress.com/","4.9","377","https://www.google.com/maps/place/Pineapple+Xpress+Smoke+Shop+Spring+Cypress/data=!4m7!3m6!1s0x8640cd23626a0d67:0x6ac3170c6c5fb7cc!8m2!3d30.0312227!4d-95.5575851!16s%2Fg%2F11rdz742gt!19sChIJZw1qYiPNQIYRzLdfbAwXw2o","https://lh3.googleusercontent.com/gps-cs-s/AHVAwep24XzU_NeGZZx9vZKU2x8JRgt_nG9g-KxvmgzAQdDaWXBTvk4HuRH_BhtIqrP9bnC124lI3QwvOG-UBVOQ0Q-_-k99x545qZewhqbKa2m2xwvxj5RVNei42JAMXsMuPw50ruyl=w408-h449-k-no","",""
"In The Clouds - Spring Cypress CBD, Tobacco, Hookah, Cigars, Kratom & Disposable Vape Shop","6224 Spring Cypress Rd Suite 111, Spring, TX 77379","(832) 698-2370","https://in-the-clouds.localo.site/?utm_source=google_profile&utm_campaign=localo&utm_medium=mainlink","5.0","313","https://www.google.com/maps/place/In+The+Clouds+-+Spring+Cypress+CBD,+Tobacco,+Hookah,+Cigars,+Kratom+%26+Disposable+Vape+Shop/data=!4m7!3m6!1s0x8647333be61f2b13:0x27becdccd2d0d58a!8m2!3d30.0498408!4d-95.5150258!16s%2Fg%2F11v022s62t!19sChIJEysf5jszR4YRitXQ0szNvic","https://lh3.googleusercontent.com/gps-cs-s/AHVAwernXcw7r2ZjXyxbFzmWymt9GOCoRBhTeyObNim2dkfwflbOf7xey9NOZ1p2Znk2IDfL1nAJ8uX_cIbLRrQVq1bdb12GY_XUreeGHvYv-VHcYdf55DCYHHKKoqSXX_iIDorPkOit=w408-h272-k-no","inthecloudsstx",""
"Champion Smoke shop & Vape | CBD |Kratom | Hookah | Delta8 | Water Pipe & more","18618 Champion Forest Dr C, Spring, TX 77379","(346) 808-7519","","4.7","63","https://www.google.com/maps/place/Champion+Smoke+shop+%26+Vape+%7C+CBD+%7CKratom+%7C+Hookah+%7C+Delta8+%7C+Water+Pipe+%26+more/@30.0344807,-95.5570644,17z/data=!3m1!4b1!4m6!3m5!1s0x8640cd8046ca0d39:0x62614b67ee6b2e3f!8m2!3d30.0344807!4d-95.5570644!16s%2Fg%2F11spxsnhf1","https://lh3.googleusercontent.com/gps-cs-s/AHVAwep_5TdV5ZQU5tDb8cCaGvN3fBtGSkuV5bIhgCa70eUEyPLbfxqYc7Oh8UineKav-sElDL34qrtiyrtYzoAvT8sWUq5ofKbwZlHsU-KA9T3sqUFJWu0Aw81FykjVor9zSEvYIw8=w408-h544-k-no","",""
"Bahama Mama Smoke Shop Klein | Vape | THCA | Edibles | Mushrooms | Kratom | Hookah | Cigars","16880 Stuebner Airline Rd C, Spring, TX 77379","(832) 534-1743","https://bahama-mama.com/","4.9","443","https://www.google.com/maps/place/Bahama+Mama+Smoke+Shop+Klein+%7C+Vape+%7C+THCA+%7C+Edibles+%7C+Mushrooms+%7C+Kratom+%7C+Hookah+%7C+Cigars/data=!4m7!3m6!1s0x8640cd083cdffb19:0x3708ac61892de3ae!8m2!3d30.022404!4d-95.52508!16s%2Fg%2F11mwl2wb8f!19sChIJGfvfPAjNQIYRruMtiWGsCDc","https://lh3.googleusercontent.com/gps-cs-s/AHVAweoCrs6oX_mzodd4U9O57WD1cm7bMmOA07UXTWgpc4DP2DOYhoirHVCKZpMlAN2RNLB31hOE6yHbVrtuflJ9mDVKb9nmEYKyrzv8RIQ9O13PKGZ51iMX-HLeh_fov2jcZO3PRp0V=w408-h544-k-no","",""
"ROCK N' ROLL IT - SMOKE - VAPE - HEMP - THEISS MAIL","16823 Theiss Mail Rte Rd, Spring, TX 77379","(832) 843-3428","https://rocknrollit.com/","5.0","67","https://www.google.com/maps/place/ROCK+N%27+ROLL+IT+-+SMOKE+-+VAPE+-+HEMP+-+THEISS+MAIL/data=!4m7!3m6!1s0x8640cdca65cbb009:0x21358219e4fd771c!8m2!3d30.0163948!4d-95.5334726!16s%2Fg%2F11y5vrfy8_!19sChIJCbDLZcrNQIYRHHf95BmCNSE","https://lh3.googleusercontent.com/gps-cs-s/AHVAwerxT6ARuns-3pDW-7WIaOCZZ8Du4tdW_Ki9R5Edmce5in-txRkDN857plsdjNADcU7SXG-Sh75a4e7YpEz0w2U8SYbvHb5YEW11ElZ5lMZvRb9wgIyl18BH6MY5ikUpQ0T_3zlt=w408-h453-k-no","",""
"SMOKE SHACK SMOKE,VAPE & HOOKAH SHOP","7110 Louetta Rd Suite D, Spring, TX 77379","(281) 257-9927","http://www.bestsmokeshack.com/","4.8","135","https://www.google.com/maps/place/SMOKE+SHACK+SMOKE,VAPE+%26+HOOKAH+SHOP/data=!4m7!3m6!1s0x8640cd205e63739f:0xcd0e95a532f61dfc!8m2!3d30.02286!4d-95.521199!16s%2Fg%2F1tfpk5_4!19sChIJn3NjXiDNQIYR_B32MqWVDs0","https://lh3.googleusercontent.com/gps-cs-s/AHVAweqpB86Xx88hWHDYkyeaGIWwR6Psb4eDpakZtq8EEV9aIsZxl9uT1CavDi6yd_DzLG40IUEpmu0KFbAMsqemGsH5Pji1-zzW0iNFHA94POPYLUl4YVKhd9fVyk3Wy6kHBq996s-dOw=w408-h725-k-no","",""
"Elevate smoke shop","14919 Stuebner Airline Rd # 6, Houston, TX 77069","(281) 919-1431","http://elevateshophouston.com/","5.0","377","https://www.google.com/maps/place/Elevate+smoke+shop/data=!4m7!3m6!1s0x8640cddff2024273:0xdba84fcb3a62a2d8!8m2!3d29.9990235!4d-95.5069912!16s%2Fg%2F11r_vs9bzc!19sChIJc0IC8t_NQIYR2KJiOstPqNs","https://lh3.googleusercontent.com/gps-cs-s/AHVAweqwhKXlrwVVyf_O_Co9B20b5yZwbbexsCw4V3c5K7QlmFf1K6XnxYmdpjd06fcEMpx8i3yYplhhWjywow4i2eYnQZ3EeKgamHMWrkqQq_a8rjPGyugubeIhwV4bX23e0tr9mZK03w=w408-h725-k-no","",""
"Pineapple Xpress Smoke Shop FM-1960 RD","9581 FM 1960, Houston, TX 77064","(281) 955-5367","http://xpress.pine-applexpress.com/","4.8","1,138","https://www.google.com/maps/place/Pineapple+Xpress+Smoke+Shop+FM-1960+RD/data=!4m7!3m6!1s0x8640d1fbe739e691:0x9fb78a7e7bf20ca4!8m2!3d29.942403!4d-95.568537!16s%2Fg%2F12hng324b!19sChIJkeY55_vRQIYRpAzye36Kt58","https://lh3.googleusercontent.com/gps-cs-s/AHVAweosJNqvxvjXVAAvPnwtAYeL7uA-XG_1CzyqRWft3W_9TkGyt80v0mKd80oVwRP5-qYe0SiYLPF9kvZwKTOWbT8GG8IR6lL2TOUmHRjQ8N3VJjWcxNYj1yZjf9ZUSJKVX1ovfPaORg=w408-h405-k-no","",""
"Smoke N Cell 5 (Smoke shop, Delta 8, Vape Outlet, Phone Repair & More)","3910 Louetta Rd suite E, Spring, TX 77388","(832) 288-5140","","5.0","314","https://www.google.com/maps/place/Smoke+N+Cell+5+(Smoke+shop,+Delta+8,+Vape+Outlet,+Phone+Repair+%26+More)/@30.0483446,-95.4753645,17z/data=!3m1!4b1!4m6!3m5!1s0x8640cf241828e1ef:0x4aef5e056ff291e7!8m2!3d30.0483446!4d-95.4753645!16s%2Fg%2F11mbyc92tf","https://lh3.googleusercontent.com/gps-cs-s/AHVAweqyjtR1_uEJHoB-RGzr8HLJ--8prI8Qd_V31hgl9PRwzPpdMBRqI2xRPOKskMpTg02n5XPqzPB5xRFBzqMj8wSXWKZ3tH70nH5GPk0aP7BM9xYnNou5Ot8nqwhPbpg6BoEnYzCT=w408-h544-k-no","",""
"Bammel SMOKE Shop| Vape Store| DISPENSARY | CBD| Kratom| Vape Shop| Hookah| Delta 8| Vape | THC Flower | Hemp | Kratom|","10911 Bammel North Houston Rd Suite B, Houston, TX 77086","(832) 672-2007","https://bammelsmokeshop.netlify.app/","4.8","188","https://www.google.com/maps/place/Bammel+SMOKE+Shop%7C+Vape+Store%7C+DISPENSARY+%7C+CBD%7C+Kratom%7C+Vape+Shop%7C+Hookah%7C+Delta+8%7C+Vape+%7C+THC+Flower+%7C+Hemp+%7C+Kratom%7C/data=!4m7!3m6!1s0x8640cebdf6548bf3:0x5796a63c49686100!8m2!3d29.9357285!4d-95.4986336!16s%2Fg%2F11c706yqjb!19sChIJ84tU9r3OQIYRAGFoSTymllc","https://lh3.googleusercontent.com/gps-cs-s/AHVAweozz9E87HhgywvnTguM83njYXjv7tWbeBInAUm7656oSZ3MRN7N4LAH4MiGkVSfto4r9EcdHeU8JjXJj4plZ86XXqYDhIax5AA7Kb-1MgMi1GyH6si_VgZ-aeEGlfchI2uP9RhRDSv2OuRM=w408-h306-k-no","",""
"Willowbrook Smoke Shop VAPE HOOKAH &CIGAR &CBD & Legal THC & Hydroxy & Delta-9 & Kratom & THC-A & MORE","5033 FM 1960 Suit 500, Houston, TX 77069","(281) 836-6008","","5.0","1,624","https://www.google.com/maps/place/Willowbrook+Smoke+Shop+VAPE+HOOKAH+%26CIGAR+%26CBD+%26+Legal+THC+%26+Hydroxy+%26+Delta-9+%26+Kratom+%26+THC-A+%26+MORE/@29.9832068,-95.5057061,17z/data=!3m1!4b1!4m6!3m5!1s0x8640cd1376f16d8b:0x793c2ea8d9908850!8m2!3d29.9832068!4d-95.5057061!16s%2Fg%2F11n0btqw50","https://lh3.googleusercontent.com/gps-cs-s/AHVAweqkCW6rnaFbNm3nqYqIVrPHMDlaZOwiGWni6fCwvLerrVTyTJrKBAnVeso27YQdaYWZygf_G3epgXic139mXroUGX14sz-nsMAar9H-Gm6zJv9UUp_ZnUmQRFa8xnrvasrzUv9W=w408-h544-k-no","",""
"ROCK 'N ROLL IT - SMOKE - VAPE - HEMP - LOUETTA 249","11220 Louetta Rd #100, Houston, TX 77070","(346) 808-7669","https://rocknrollit.com/","4.9","460","https://www.google.com/maps/place/ROCK+%27N+ROLL+IT+-+SMOKE+-+VAPE+-+HEMP+-+LOUETTA+249/data=!4m7!3m6!1s0x8640d3d0f57e369d:0x9acd7263ff44345f!8m2!3d29.9974331!4d-95.5870612!16s%2Fg%2F11mtjf2qff!19sChIJnTZ-9dDTQIYRXzRE_2NyzZo","https://lh3.googleusercontent.com/gps-cs-s/AHVAweq2I5iF8DKdV3DjpAuuGgrpWNrmY-W-OgWSy6i0iPFO-lH5dVQKYBbLCqVpQiJcuOKPUWConELIa0xGOhiqMuxilEFM3QuYScRwUCdxOfsasAkzoqRr03FHD48xZgQP_p5S-LRk=w408-h544-k-no","",""
"Smo-king Smoke Shop & Dispensary","12722 Jones Rd, Houston, TX 77070","(832) 248-2764","","4.7","117","https://www.google.com/maps/place/Smo-king+Smoke+Shop+%26+Dispensary/@29.9587049,-95.5847646,17z/data=!3m1!4b1!4m6!3m5!1s0x8640d3c01ac531c3:0x205a771fc22f7977!8m2!3d29.9587049!4d-95.5847646!16s%2Fg%2F11n7z8576n","https://lh3.googleusercontent.com/gps-cs-s/AHVAwergyuLRO_htUdhO2KHCClSBg8EjrvhF7SJUPXVGTzwDN0IMSIt40QLlcGyVfW-CeZjfWXLg47a3sppZhNveeUn7oxJNoXCscLj_k83tVDizBhvJa5zpVyxiRbVt-Nm2eaOT86nu=w408-h544-k-no","",""
"Lala's Mini Mart & Smoke Shop","14455 Bammel North Houston Rd, Houston, TX 77014","","","5.0","11","https://www.google.com/maps/place/Lala's+Mini+Mart+%26+Smoke+Shop/@29.986962,-95.4892074,17z/data=!3m1!4b1!4m6!3m5!1s0x8640cd0010ca433b:0x58e28663c19fcc7f!8m2!3d29.986962!4d-95.4892074!16s%2Fg%2F11wqqv94d_","https://lh3.googleusercontent.com/gps-cs-s/AHVAweq4r9p5Qkgo4b5mahYeR_j9oubuJgLD0SpdQkVddMdnsXus8zP53ynz5LhA9f6tEJboJUJOeTRLQ_MyU2lt0yduJsrEhj27qcQrBDHIlRp9cSxVS-PrcxfR8MrTSRF03mp4E1BSV2KDq1PG=w408-h306-k-no","",""
"Sound Revolution - MUSIC ● SKATE ● WEAR","8312 Louetta Rd, Spring, TX 77379","(281) 444-5454","https://www.soundrevolutionhtx.com/?utm_source=google&utm_medium=business_profile","4.7","577","https://www.google.com/maps/place/Sound+Revolution+-+MUSIC+%E2%97%8F+SKATE+%E2%97%8F+WEAR/data=!4m7!3m6!1s0x8640cb117536fa57:0xdf17841c9198ebc5!8m2!3d30.0129997!4d-95.5392948!16s%2Fg%2F1trxf27d!19sChIJV_o2dRHLQIYRxeuYkRyEF98","https://lh3.googleusercontent.com/gps-cs-s/AHVAweq2ofIBXa_pmQe6yV1NYZFGwp0prJPamrixk3Xz0ZVY2zCsgdis4UeFk5c-Wb00ZZiHWNIDj7GEwrkPdeqGe5KGeuedJuWgaG2y7BuQyrhz1ljw9Y8XloWT8c54Cne0S0lJXRJd=w408-h306-k-no","soundrevolutionhtx","soundrevolutionhtx"
"ROCK 'N ROLL IT - SMOKE - VAPE - HEMP - FM 1960 NORTH","2456 Farm to Market 1960 Rd W, Houston, TX 77068","(281) 587-2346","https://rocknrollit.com/","4.5","461","https://www.google.com/maps/place/ROCK+%27N+ROLL+IT+-+SMOKE+-+VAPE+-+HEMP+-+FM+1960+NORTH/data=!4m7!3m6!1s0x8640cb7a22478c5f:0x2868bcbe97fae550!8m2!3d30.0055584!4d-95.4678361!16s%2Fg%2F1hc0ss0sp!19sChIJX4xHInrLQIYRUOX6l768aCg","https://lh3.googleusercontent.com/a/ACg8ocJKbEmDIwNgw3MPqGhn6GaZW66Inma0Gu1-8xOYK9z4NIQvSA=w36-h36-p-rp-mo-br100","",""
"Puff Daddy Smoke Shop & Daiquiris","9610 Louetta Rd #300, Spring, TX 77379","","","4.3","30","https://www.google.com/maps/place/Puff+Daddy+Smoke+Shop+%26+Daiquiris/@30.003257,-95.557451,17z/data=!3m1!4b1!4m6!3m5!1s0x8640cde4676a9593:0xe06019cc0ced2974!8m2!3d30.003257!4d-95.557451!16s%2Fg%2F11ks2ts5vk","https://lh3.googleusercontent.com/gps-cs-s/AHVAwepc7ICdVM2V1yOVTG6eqiiVv12DElPqdoWU2xR7g82oKZ01_t9ZEe_y9VfohIvoke_WtzUvYHSabn8Sg7ifymm3kh9pcfZbRHiJNnBY27V6oCgACZpv0qtztcgQ8YB0eB0PuS0=w408-h306-k-no","",""
"Phoenix Rising Vapor 1 (Smoke/Disposables/Delta/CBD/Hookah)","5020 Farm to Market 1960 Rd W Ste A7, Houston, TX 77069","(281) 763-7378","https://phoenixrisingvapor.format.com/","4.9","690","https://www.google.com/maps/place/Phoenix+Rising+Vapor+1+%28Smoke%2FDisposables%2FDelta%2FCBD%2FHookah%29/data=!4m7!3m6!1s0x8640cc44e314d47d:0xe854244348a67e39!8m2!3d29.983957!4d-95.5066857!16s%2Fg%2F11b5qw1s8s!19sChIJfdQU40TMQIYROX6mSEMkVOg","https://lh3.googleusercontent.com/gps-cs-s/AHVAweosfwJj24uTEz7kXDtxRjb8mWbIyivMBzX0K_81C3cIHKpW_HmLFp3f9nNFnpDd4xmcAauWNCoy4wjIzi-KpZF5KpX3ytpM1RqVWNvoMuPQ1du6mbB90ZeQEL2iQT1TuEol7Jme=w408-h306-k-no","","useformat"
"Smoke Puff & Daiquiri To-Go","18311 T C Jester Blvd Unit E, Spring, TX 77379","(281) 771-9030","https://smoke-puff.com/","4.8","26","https://www.google.com/maps/place/Smoke+Puff+%26+Daiquiri+To-Go/data=!4m7!3m6!1s0x8640cd759c0b4631:0xf3c4f905b9c74459!8m2!3d30.0318314!4d-95.5026797!16s%2Fg%2F11rp7dnff4!19sChIJMUYLnHXNQIYRWUTHuQX5xPM","https://lh3.googleusercontent.com/gps-cs-s/AHVAweoF2hoxIHt3fKxkRAB2cWojaJP47JPMHlE_O4ikVhJI5hRvBZ5awa5P1TbiaTE7tEWZw7K3l_knh-s1Fi-HuP3HmZFyRPl5E9zKZxNGdEqJdUueaT6Ormcp8UlwbyByAKbLlpVD4gS8dsrU=w408-h307-k-no","smokepuffspring","SmokePuffSpring"
"Smoke Shop","Houston, TX 77377","","","5.0","1","https://www.google.com/maps/place/Smoke+Shop/@29.9970962,-95.5902233,17z/data=!3m1!4b1!4m6!3m5!1s0x8640d2f6566eb3a3:0x9d397c8e4d57aed8!8m2!3d29.9970962!4d-95.5902233!16s%2Fg%2F11kjkcxf98","https://streetviewpixels-pa.googleapis.com/v1/thumbnail?panoid=DOMD-t6IKN5UuFrW5djYgQ&cb_client=search.gws-prod.gps&w=408&h=240&yaw=33.529713&pitch=0&thumbfov=100","",""
"Lone Star Tobacco","122 Vintage Park Blvd Ste E, Houston, TX 77070","(281) 251-4440","http://www.lonestartobacco.com/","4.7","262","https://www.google.com/maps/place/Lone+Star+Tobacco/data=!4m7!3m6!1s0x8640d287ed145b57:0x91b851c3fa3e6615!8m2!3d29.9948747!4d-95.5709326!16s%2Fg%2F1tnss9fn!19sChIJV1sU7YfSQIYRFWY--sNRuJE","https://lh3.googleusercontent.com/gps-cs-s/AHVAweq_PoV3lHi-gZXw4SNYPqKCLV8RCD7voukbsYBsPndFAfOa4RaLwg9xwg4WsAERSf049rt79lKmbfSk-yBOvNn4Tv0Y8ByJPe9xNcIOhWfdgtUAmTzrqnLi3GWhBWFIq0m2AxY=w408-h306-k-no","","lonestartobacco"
"Tokin Eddie's Smoke & Hookah Shop","6105 Farm to Market 1960 Rd W, Houston, TX 77069","(281) 586-6080","","4.7","229","https://www.google.com/maps/place/Tokin+Eddie's+Smoke+%26+Hookah+Shop/@29.9749668,-95.5201859,17z/data=!3m1!4b1!4m6!3m5!1s0x8640cc4ae2453b7f:0x135d63fbf75de2fe!8m2!3d29.9749668!4d-95.5201859!16s%2Fg%2F1tdgvshg","https://lh3.googleusercontent.com/gps-cs-s/AHVAwerAsNkpwkutiuho_5N4PWGYRKO24GYtoIP6LtvRmiWwRDZiww-aZ4650kr0Dd14VY1b4XMexvgshSROF9z_Qj1rwwhJNVtWqwiwepFPPZwRUf90NVTLsd0kpJLGa6JChJI7jEjcC6Lkoi0Z=w408-h267-k-no","",""
"SUPREME SMOKE OPEN 24 HOURS & VAPE & KRATOM &7OH & THC & HOOKAH & CIGARS & GLASS PIPES & CBD","19380 North Fwy Suite 120, Spring, TX 77373","(518) 961-7393","https://jssmokeshop.odoo.com/","5.0","392","https://www.google.com/maps/place/SUPREME+SMOKE+OPEN+24+HOURS+%26+VAPE+%26+KRATOM+%267OH+%26+THC+%26+HOOKAH+%26+CIGARS+%26+GLASS+PIPES+%26+CBD/data=!4m7!3m6!1s0x86473577a0bab573:0xaa65d4568c458598!8m2!3d30.0494444!4d-95.4289366!16s%2Fg%2F11sc2x55yd!19sChIJc7W6oHc1R4YRmIVFjFbUZao","https://lh3.googleusercontent.com/gps-cs-s/AHVAwer923vKb3nRi9___Qd7Rbpg_GMNc2Pjju8rX3z9t2euYNONkoUvuh9e6AE8zFoLI6YS131Ej0M2E7r7fPQCXJk1TUlC0szucE6vRdDeuyiiscUy8O78yC8VMkBPBLbO9grxdQ5IyFZQCIc=w408-h544-k-no","odoo.official","odoo"
"Mango Island Smoke Shop | Vapes | Tobacco | CBD | Delta THC | Kratom | Disposables | Hookah | Novelties | Dispensary","9514 Grant Rd Ste B, Houston, TX 77070","(832) 848-0144","","4.9","623","https://www.google.com/maps/place/Mango+Island+Smoke+Shop+%7C+Vapes+%7C+Tobacco+%7C+CBD+%7C+Delta+THC+%7C+Kratom+%7C+Disposables+%7C+Hookah+%7C+Novelties+%7C+Dispensary/@29.9672944,-95.5597965,17z/data=!3m1!4b1!4m6!3m5!1s0x8640cd4303c884df:0xadabc5b0c7fa700d!8m2!3d29.9672944!4d-95.5597965!16s%2Fg%2F11kpj08bmy","https://lh3.googleusercontent.com/gps-cs-s/AHVAwerru37YVPqPBZ0Xb9oqD0gO5r30Lm8NXhGnEz2Ip2bF5APjP6YHPGNld926zQgpQEqTg2mhVRVo7lAVN0eAlO7TMG7gKK1Xdk0dXmn8aQH0e2wrqaPdIVGimw7nWMUkD50lQrR3Mw=w408-h306-k-no","",""
"Bahama Mama Smoke Shop - Cypresswood","19610 Texas 249 Access Rd, Houston, TX 77070","(346) 206-3140","http://www.bahama-mama.com/","4.9","572","https://www.google.com/maps/place/Bahama+Mama+Smoke+Shop+-+Cypresswood/data=!4m7!3m6!1s0x8640d338780ed7e1:0x44f39020d3e05b5f!8m2!3d29.9808793!4d-95.5664304!16s%2Fg%2F11v4n02thj!19sChIJ4dcOeDjTQIYRX1vg0yCQ80Q","https://lh3.googleusercontent.com/gps-cs-s/AHVAweqoL7H6Fg7pYLYQYeZ9SDNYuMWT0VXeVgJ_CSBU7NCU25O7F0gqGwSBtpUWyXYTbpkgVMOHUZojbdNoTal-P_ncYQ4nROfMfDVKcgwtNYOrLZsM8RbP3mRf8bAKyRTZkISTnj-NOw=w408-h306-k-no","bahama.mama.montrose","Bahamamontrose"
"SMOKE ISLAND - BAMMEL Dispensary | Smoke shop | Daiquiri","12311 Bammel North Houston Rd Suite E, Houston, TX 77066","(346) 899-8285","https://myvapeisland.com/","5.0","70","https://www.google.com/maps/place/SMOKE+ISLAND+-+BAMMEL+Dispensary+%7C+Smoke+shop+%7C+Daiquiri/data=!4m7!3m6!1s0x8640cd6443e73601:0xada588a0360329e1!8m2!3d29.9571722!4d-95.4987574!16s%2Fg%2F11m_6z7qbb!19sChIJATbnQ2TNQIYR4SkDNqCIpa0","https://lh3.googleusercontent.com/gps-cs-s/AHVAweqjwdHwGqwhyc4Wg7CiRu0s41dlwGwYpBqlzekP62HPHO8GSFIcxDjwlUVAaQ1E4TvARP34sFXmq1CvKQAmm1JOMemf4E61fnVqdyX60NHGU87zmrW3LSpyf2dErEVZkZPH9xx1wl_lChqf=w408-h544-k-no","",""
"World Peace Smoke Shop","5010 Louetta Rd, Spring, TX 77379","(832) 559-3757","https://www.facebook.com/pages/World-Peace-Smoke-Shop/1500150790259346","4.6","106","https://www.google.com/maps/place/World+Peace+Smoke+Shop/data=!4m7!3m6!1s0x8640ccb3da7d307f:0x43fd28458f86cff7!8m2!3d30.0392626!4d-95.4917174!16s%2Fg%2F11b6m0_l89!19sChIJfzB92rPMQIYR98-Gj0Uo_UM","https://lh3.googleusercontent.com/gps-cs-s/AHVAweqdvgD0ASrYubi3PheYsSriOFrgZzbMpkC8j-mJWCNUuNVJzVJbKUlffPZShzwxnjihvSQmXFFFEnisFtxeiZpGJ4heBercLODshxCeV36uOKp2Y-x6kNjBlyxuh8Z5BxdBSGSEbw=w408-h544-k-no","",""
"","","","","","","chrome-error://chromewebdata/","","",""
"Hype City Smoke Shop | Delta 8 | Hookah | Vape |","10211 Cypresswood Dr Ste# 800, Houston, TX 77070","(361) 786-7777","","4.8","30","https://www.google.com/maps/place/Hype+City+Smoke+Shop+%7C+Delta+8+%7C+Hookah+%7C+Vape+%7C/@29.9781823,-95.5707938,17z/data=!3m1!4b1!4m6!3m5!1s0x8640d3dbe2b0c923:0x8775bce3c5d37994!8m2!3d29.9781823!4d-95.5707938!16s%2Fg%2F11rk4dqzb_","https://lh3.googleusercontent.com/gps-cs-s/AHVAweokgKB8-2kuHKkeV0PoxXztIgrUg_lX8nUMyrDWjM5tW3VUQr5V3fGZNLsZ3-NOSkJLYb9x9c_eRmzO1f9b8x84tiE_Baj-dXh5GmlRcIxEumduEobIF9Y6GYTR4KMKTvpPEc1k4g=w408-h544-k-no","",""
"Exhale Vape & Smoke Shop Spring","10801 Spring Cypress Rd Ste. 11, Houston, TX 77070","(832) 493-2708","","4.9","107","https://www.google.com/maps/place/Exhale+Vape+%26+Smoke+Shop+Spring/@30.0132474,-95.5870459,17z/data=!3m1!4b1!4m6!3m5!1s0x8640d3cce3ee0ac3:0xa046a537d264ac57!8m2!3d30.0132474!4d-95.5870459!16s%2Fg%2F11stk32_6f","https://lh3.googleusercontent.com/gps-cs-s/AHVAweqCvDTWSTwq3vmi4EPqz9r4e8H4tecFy_qMworjLUlti-fTXc3nq_9ToYCh3T_4KugyGU1lsPxMOK6LYsX79-cGwlXixXAjUSRxZSAmSZ0mhcEqJUi4Tu8bk7IKSPU22Vqj0YNIqf9LUCka=w408-h494-k-no","",""
"Rock 'N Roll It","132 Farm to Market 1960 Rd E Suite A, Houston, TX 77073","(281) 781-7026","https://rocknrollit.com/","4.9","497","https://www.google.com/maps/place/Rock+%27N+Roll+It/data=!4m7!3m6!1s0x8640cb03e6d2eb59:0x2741d9cd5b964100!8m2!3d30.0198459!4d-95.4277634!16s%2Fg%2F11ty7t291q!19sChIJWevS5gPLQIYRAEGWW83ZQSc","https://lh3.googleusercontent.com/gps-cs-s/AHVAweoBHUQwxoEEfPgA7sGrqe629KEc49qOPjlf3kxGV96vSg3weUMxZTqhPpDYs_KOV5HJoK2vcqahF_Sv79KmSjT_BpCIFc0edAFQwnIBnCk8KLp6OB-x2epZjyoz14lHGnZJrNg=w408-h544-k-no","",""
"Krazy Ape Vapor - Vape & Smoke Shop","4545 FM 1960, Houston, TX 77069","(832) 965-5786","","4.3","105","https://www.google.com/maps/place/Krazy+Ape+Vapor+-+Vape+%26+Smoke+Shop/@29.9867078,-95.4994431,17z/data=!3m1!4b1!4m6!3m5!1s0x8640cc5d4a0c7965:0xf8a716d426fcff09!8m2!3d29.9867078!4d-95.4994431!16s%2Fg%2F11cn5mvjkr","https://lh3.googleusercontent.com/gps-cs-s/AHVAweqiD2vmSSojv6u-9__1It_B_Xm2JY2gYtMXQkkS-8DdRP1BbhMx78ZOkIsyAszXXecv8st4P1WzxJoHG9QtutFyICWdAd05nG052pb9DIYndSzUYyezvD-2aI0iGIqmH-u4ztq1jQ=w408-h544-k-no","",""
"Excalibur Smoke Shop","8245 Mills Rd Ste A, Houston, TX 77064","(346) 634-7821","","4.8","145","https://www.google.com/maps/place/Excalibur+Smoke+Shop/@29.9528411,-95.5460197,17z/data=!3m1!4b1!4m6!3m5!1s0x8640cdcc9e6d747b:0x70dc7170fce423dc!8m2!3d29.9528411!4d-95.5460197!16s%2Fg%2F11q33m2tmw","https://lh3.googleusercontent.com/gps-cs-s/AHVAwerB8xuIgEHAorD3w69_-MofZeXeyqQq5qo_KyFKaeGVB_vT_5j2cfHB4cS5XOMR52SrHeLmeiS3-It-evz3dCfm7um1ZWjVyg_t6XuU-OcCSkYGVJX68TSbEH01TSTOWQse2WLQ=w408-h544-k-no","",""
"Discount Tobacco","10959 Cypress Creek Pkwy, Houston, TX 77070","(281) 890-6410","","4.2","223","https://www.google.com/maps/place/Discount+Tobacco/@29.9328297,-95.5842743,17z/data=!3m1!4b1!4m6!3m5!1s0x8640d193147894bb:0xf90d773d1cd2f840!8m2!3d29.9328297!4d-95.5842743!16s%2Fg%2F11b6_rlwwr","https://lh3.googleusercontent.com/gps-cs-s/AHVAweoc7MfyPQ0B4EphFAqzFCYEN7d4Nz-qhFAVIx4i3CHOGQIi903-BYJBOavso3Lpp9XrUJEG0SVeroxSZ-dWzIaUPLPK1dzgtSx97f-4iUDCF-O1ndgj_t2pqF17gnYqr_dzDJ0=w408-h725-k-no","",""
"Puff Daddy Smoke Shop & Daiquiris","17005 Tomball Pkwy #300, Houston, TX 77064","(832) 478-5130","","4.7","71","https://www.google.com/maps/place/Puff+Daddy+Smoke+Shop+%26+Daiquiris/@29.9523373,-95.5378161,17z/data=!3m1!4b1!4m6!3m5!1s0x8640cd36f6e7cfa5:0x311bfc6b095aa683!8m2!3d29.9523373!4d-95.5378161!16s%2Fg%2F11tp46dzc6","https://lh3.googleusercontent.com/gps-cs-s/AHVAwepswNKZDUZw9o9FF8WNvNdJQ47j5JTHVJtGCvG-X7yE7v5h2v6eyukLp_gHVzDZGxDZdStdFt_4VaJOQwZCg7UNJ2WVYpIYsqw0h9TJi0n6i2GxeNljrmXlmZAJRz84F0tgAtWl=w408-h544-k-no","",""
"Golden Smoke & Vape","4660 Louetta Rd #115, Spring, TX 77388","(832) 663-5641","https://www.goldensmokeandvapespring.com/","4.9","101","https://www.google.com/maps/place/Golden+Smoke+%26+Vape/data=!4m7!3m6!1s0x8640cd0b03717631:0xb719b38878889c7b!8m2!3d30.0429622!4d-95.4848963!16s%2Fg%2F11h4s5m5qs!19sChIJMXZxAwvNQIYRe5yIeIizGbc","https://lh3.googleusercontent.com/gps-cs-s/AHVAwerOC36tO_eGkMukenq54tLo-aoyOE0Kct-MgQkL0FYqS2qTcsgCbA2aIChDKMx27n_dQMZNVn3U3k8QUEp_0z3pzfB3rdBdDTHAhCg-hVqWq41C41wKtdQDkeZpgrMuB8yTWwzUeQESxv1P=w408-h544-k-no","",""